code,county
501,SUFFOLKCounty County
1001,HAMPDENCounty County
1002,HAMPSHIRECounty County
1005,WORCESTERCounty County
1029,BERKSHIRECounty County
1054,FRANKLINCounty County
1431,MIDDLESEXCounty County
1810,ESSEXCounty County
2018,PLYMOUTHCounty County
2019,NORFOLKCounty County
2031,BRISTOLCounty County
2532,BARNSTABLECounty County
2535,DUKESCounty County
2554,NANTUCKETCounty County
2801,NEWPORTCounty County
2802,PROVIDENCECounty County
2804,WASHINGTONCounty County
2816,KENTCounty County
3031,HILLSBOROUGHCounty County
3032,ROCKINGHAMCounty County
3046,MERRIMACKCounty County
3215,GRAFTONCounty County
3218,BELKNAPCounty County
3227,CARROLLCounty County
3280,SULLIVANCounty County
3431,CHESHIRECounty County
3570,COOSCounty County
3805,STRAFFORDCounty County
3901,YORKCounty County
4003,CUMBERLANDCounty County
4008,SAGADAHOCCounty County
4010,OXFORDCounty County
4210,ANDROSCOGGINCounty County
4259,KENNEBECCounty County
4341,LINCOLNCounty County
4354,WALDOCounty County
4401,PENOBSCOTCounty County
4406,PISCATAQUISCounty County
4408,HANCOCKCounty County
4471,AROOSTOOKCounty County
4478,SOMERSETCounty County
4547,KNOXCounty County
5001,WINDSORCounty County
5033,ORANGECounty County
5042,CALEDONIACounty County
5101,WINDHAMCounty County
5152,BENNINGTONCounty County
5401,CHITTENDENCounty County
5440,GRAND ISLECounty County
5442,LAMOILLECounty County
5443,ADDISONCounty County
5701,RUTLANDCounty County
5820,ORLEANSCounty County
6001,HARTFORDCounty County
6018,LITCHFIELDCounty County
6029,TOLLANDCounty County
6249,NEW LONDONCounty County
6401,NEW HAVENCounty County
6404,FAIRFIELDCounty County
7002,HUDSONCounty County
7005,MORRISCounty County
7010,BERGENCounty County
7011,PASSAICCounty County
7016,UNIONCounty County
7416,SUSSEXCounty County
7701,MONMOUTHCounty County
7820,WARRENCounty County
7830,HUNTERDONCounty County
8001,SALEMCounty County
8002,CAMDENCounty County
8005,OCEANCounty County
8010,BURLINGTONCounty County
8014,GLOUCESTERCounty County
8037,ATLANTICCounty County
8202,CAPE MAYCounty County
8520,MERCERCounty County
10001,NEW YORKCounty County
10301,RICHMONDCounty County
10451,BRONXCounty County
10501,WESTCHESTERCounty County
10509,PUTNAMCounty County
10901,ROCKLANDCounty County
11001,NASSAUCounty County
11004,QUEENSCounty County
11201,KINGSCounty County
12007,ALBANYCounty County
12008,SCHENECTADYCounty County
12010,MONTGOMERYCounty County
12015,GREENECounty County
12017,COLUMBIACounty County
12018,RENSSELAERCounty County
12019,SARATOGACounty County
12025,FULTONCounty County
12031,SCHOHARIECounty County
12064,OTSEGOCounty County
12108,HAMILTONCounty County
12167,DELAWARECounty County
12401,ULSTERCounty County
12501,DUTCHESSCounty County
12901,CLINTONCounty County
12922,SAINT LAWRENCECounty County
13020,ONONDAGACounty County
13021,CAYUGACounty County
13028,OSWEGOCounty County
13032,MADISONCounty County
13040,CORTLANDCounty County
13053,TOMPKINSCounty County
13054,ONEIDACounty County
13065,SENECACounty County
13124,CHENANGOCounty County
13143,WAYNECounty County
13305,LEWISCounty County
13324,HERKIMERCounty County
13601,JEFFERSONCounty County
13732,TIOGACounty County
13737,BROOMECounty County
14001,ERIECounty County
14003,GENESEECounty County
14008,NIAGARACounty County
14009,WYOMINGCounty County
14029,ALLEGANYCounty County
14041,CATTARAUGUSCounty County
14048,CHAUTAUQUACounty County
14410,MONROECounty County
14414,LIVINGSTONCounty County
14415,YATESCounty County
14424,ONTARIOCounty County
14529,STEUBENCounty County
14805,SCHUYLERCounty County
14814,CHEMUNGCounty County
15001,BEAVERCounty County
15006,ALLEGHENYCounty County
15012,FAYETTECounty County
15062,WESTMORELANDCounty County
15521,BEDFORDCounty County
15630,ARMSTRONGCounty County
15681,INDIANACounty County
15714,CAMBRIACounty County
15721,CLEARFIELDCounty County
15821,ELKCounty County
15828,FORESTCounty County
15832,CAMERONCounty County
16001,BUTLERCounty County
16028,CLARIONCounty County
16101,LAWRENCECounty County
16110,CRAWFORDCounty County
16301,VENANGOCounty County
16333,MCKEANCounty County
16601,BLAIRCounty County
16611,HUNTINGDONCounty County
16677,CENTRECounty County
16720,POTTERCounty County
16910,BRADFORDCounty County
17002,MIFFLINCounty County
17003,LEBANONCounty County
17005,DAUPHINCounty County
17006,PERRYCounty County
17014,JUNIATACounty County
17017,NORTHUMBERLANDCounty County
17022,LANCASTERCounty County
17301,ADAMSCounty County
17701,LYCOMINGCounty County
17812,SNYDERCounty County
17821,MONTOURCounty County
17901,SCHUYLKILLCounty County
18001,NORTHAMPTONCounty County
18011,LEHIGHCounty County
18012,CARBONCounty County
18039,BUCKSCounty County
18056,BERKSCounty County
18201,LUZERNECounty County
18324,PIKECounty County
18403,LACKAWANNACounty County
18413,SUSQUEHANNACounty County
19019,PHILADELPHIACounty County
19301,CHESTERCounty County
19701,NEW CASTLECounty County
20001,DISTRICT OF COLUMBIACounty County
20101,LOUDOUNCounty County
20106,RAPPAHANNOCKCounty County
20108,MANASSAS CITYCounty County
20111,MANASSAS PARK CITYCounty County
20115,FAUQUIERCounty County
20120,FAIRFAXCounty County
20136,PRINCE WILLIAMCounty County
20588,PRINCE GEORGESCounty County
20601,CHARLESCounty County
20606,SAINT MARYSCounty County
20610,CALVERTCounty County
20701,HOWARDCounty County
20711,ANNE ARUNDELCounty County
21001,HARFORDCounty County
21013,BALTIMORECounty County
21201,BALTIMORE CITYCounty County
21520,GARRETTCounty County
21601,TALBOTCounty County
21607,QUEEN ANNESCounty County
21609,CAROLINECounty County
21613,DORCHESTERCounty County
21701,FREDERICKCounty County
21801,WICOMICOCounty County
21901,CECILCounty County
22030,FAIRFAX CITYCounty County
22040,FALLS CHURCH CITYCounty County
22201,ARLINGTONCounty County
22301,ALEXANDRIA CITYCounty County
22401,FREDERICKSBURG CITYCounty County
22403,STAFFORDCounty County
22407,SPOTSYLVANIACounty County
22448,KING GEORGECounty County
22601,WINCHESTER CITYCounty County
22611,CLARKECounty County
22626,SHENANDOAHCounty County
22650,PAGECounty County
22701,CULPEPERCounty County
22801,HARRISONBURG CITYCounty County
22843,AUGUSTACounty County
22901,ALBEMARLECounty County
22902,CHARLOTTESVILLE CITYCounty County
22920,NELSONCounty County
22963,FLUVANNACounty County
22980,WAYNESBORO CITYCounty County
23002,AMELIACounty County
23004,BUCKINGHAMCounty County
23005,HANOVERCounty County
23009,KING WILLIAMCounty County
23011,NEW KENTCounty County
23014,GOOCHLANDCounty County
23021,MATHEWSCounty County
23023,KING AND QUEENCounty County
23024,LOUISACounty County
23030,CHARLES CITYCounty County
23058,HENRICOCounty County
23081,JAMES CITYCounty County
23101,POWHATANCounty County
23112,CHESTERFIELDCounty County
23173,RICHMOND CITYCounty County
23186,WILLIAMSBURG CITYCounty County
23301,ACCOMACKCounty County
23304,ISLE OF WIGHTCounty County
23320,CHESAPEAKE CITYCounty County
23432,SUFFOLK CITYCounty County
23450,VIRGINIA BEACH CITYCounty County
23501,NORFOLK CITYCounty County
23601,NEWPORT NEWS CITYCounty County
23630,HAMPTON CITYCounty County
23662,POQUOSON CITYCounty County
23701,PORTSMOUTH CITYCounty County
23801,PRINCE GEORGECounty County
23803,PETERSBURG CITYCounty County
23821,BRUNSWICKCounty County
23822,DINWIDDIECounty County
23824,NOTTOWAYCounty County
23827,SOUTHAMPTONCounty County
23834,COLONIAL HEIGHTS CITYCounty County
23839,SURRYCounty County
23847,EMPORIA CITYCounty County
23851,FRANKLIN CITYCounty County
23860,HOPEWELL CITYCounty County
23870,GREENSVILLECounty County
23901,PRINCE EDWARDCounty County
23915,MECKLENBURGCounty County
23923,CHARLOTTECounty County
23938,LUNENBURGCounty County
23939,APPOMATTOXCounty County
24001,ROANOKE CITYCounty County
24018,ROANOKECounty County
24019,BOTETOURTCounty County
24053,PATRICKCounty County
24054,HENRYCounty County
24058,PULASKICounty County
24069,PITTSYLVANIACounty County
24072,FLOYDCounty County
24086,GILESCounty County
24112,MARTINSVILLE CITYCounty County
24127,CRAIGCounty County
24215,WISECounty County
24217,DICKENSONCounty County
24218,LEECounty County
24224,RUSSELLCounty County
24239,BUCHANANCounty County
24244,SCOTTCounty County
24273,NORTON CITYCounty County
24292,GRAYSONCounty County
24311,SMYTHCounty County
24312,WYTHECounty County
24314,BLANDCounty County
24333,GALAX CITYCounty County
24377,TAZEWELLCounty County
24401,STAUNTON CITYCounty County
24412,BATHCounty County
24413,HIGHLANDCounty County
24415,ROCKBRIDGECounty County
24416,BUENA VISTA CITYCounty County
24422,CLIFTON FORGE CITYCounty County
24426,COVINGTON CITYCounty County
24448,ALLEGHANYCounty County
24450,LEXINGTON CITYCounty County
24501,LYNCHBURG CITYCounty County
24512,CAMPBELLCounty County
24520,HALIFAXCounty County
24521,AMHERSTCounty County
24523,BEDFORD CITYCounty County
24540,DANVILLE CITYCounty County
24801,MCDOWELLCounty County
24851,MINGOCounty County
24901,GREENBRIERCounty County
24915,POCAHONTASCounty County
24919,SUMMERSCounty County
25003,KANAWHACounty County
25004,RALEIGHCounty County
25005,ROANECounty County
25009,BOONECounty County
25018,CLAYCounty County
25022,LOGANCounty County
25059,NICHOLASCounty County
25095,MASONCounty County
25231,JACKSONCounty County
25234,CALHOUNCounty County
25258,GILMERCounty County
25401,BERKELEYCounty County
25411,MORGANCounty County
25504,CABELLCounty County
26003,OHIOCounty County
26030,BROOKECounty County
26031,MARSHALLCounty County
26101,WOODCounty County
26134,PLEASANTSCounty County
26135,TYLERCounty County
26138,WIRTCounty County
26148,RITCHIECounty County
26155,WETZELCounty County
26201,UPSHURCounty County
26203,WEBSTERCounty County
26224,RANDOLPHCounty County
26238,BARBOURCounty County
26260,TUCKERCounty County
26301,HARRISONCounty County
26328,DODDRIDGECounty County
26335,BRAXTONCounty County
26347,TAYLORCounty County
26374,PRESTONCounty County
26501,MONONGALIACounty County
26554,MARIONCounty County
26707,GRANTCounty County
26710,MINERALCounty County
26801,HARDYCounty County
26802,PENDLETONCounty County
27006,DAVIECounty County
27009,FORSYTHCounty County
27011,YADKINCounty County
27013,ROWANCounty County
27016,STOKESCounty County
27201,ALAMANCECounty County
27207,CHATHAMCounty County
27212,CASWELLCounty County
27214,GUILFORDCounty County
27239,DAVIDSONCounty County
27242,MOORECounty County
27343,PERSONCounty County
27501,HARNETTCounty County
27502,WAKECounty County
27503,DURHAMCounty County
27504,JOHNSTONCounty County
27507,GRANVILLECounty County
27536,VANCECounty County
27801,EDGECOMBECounty County
27803,NASHCounty County
27805,BERTIECounty County
27806,BEAUFORTCounty County
27811,PITTCounty County
27813,WILSONCounty County
27818,HERTFORDCounty County
27824,HYDECounty County
27825,MARTINCounty County
27906,PASQUOTANKCounty County
27915,DARECounty County
27916,CURRITUCKCounty County
27919,PERQUIMANSCounty County
27925,TYRRELLCounty County
27926,GATESCounty County
27932,CHOWANCounty County
28001,STANLYCounty County
28006,GASTONCounty County
28007,ANSONCounty County
28010,IREDELLCounty County
28017,CLEVELANDCounty County
28018,RUTHERFORDCounty County
28025,CABARRUSCounty County
28318,SAMPSONCounty County
28319,ROBESONCounty County
28320,BLADENCounty County
28325,DUPLINCounty County
28343,SCOTLANDCounty County
28361,HOKECounty County
28401,NEW HANOVERCounty County
28421,PENDERCounty County
28423,COLUMBUSCounty County
28445,ONSLOWCounty County
28501,LENOIRCounty County
28509,PAMLICOCounty County
28511,CARTERETCounty County
28519,CRAVENCounty County
28522,JONESCounty County
28601,CATAWBACounty County
28604,AVERYCounty County
28605,WATAUGACounty County
28606,WILKESCounty County
28611,CALDWELLCounty County
28612,BURKECounty County
28615,ASHECounty County
28636,ALEXANDERCounty County
28701,BUNCOMBECounty County
28702,SWAINCounty County
28705,MITCHELLCounty County
28708,TRANSYLVANIACounty County
28710,HENDERSONCounty County
28714,YANCEYCounty County
28716,HAYWOODCounty County
28722,POLKCounty County
28733,GRAHAMCounty County
28734,MACONCounty County
28781,CHEROKEECounty County
29001,CLARENDONCounty County
29002,RICHLANDCounty County
29003,BAMBERGCounty County
29006,LEXINGTONCounty County
29009,KERSHAWCounty County
29018,ORANGEBURGCounty County
29037,NEWBERRYCounty County
29040,SUMTERCounty County
29056,WILLIAMSBURGCounty County
29069,DARLINGTONCounty County
29082,COLLETONCounty County
29105,SALUDACounty County
29114,FLORENCECounty County
29137,AIKENCounty County
29301,SPARTANBURGCounty County
29325,LAURENSCounty County
29401,CHARLESTONCounty County
29440,GEORGETOWNCounty County
29511,HORRYCounty County
29512,MARLBOROCounty County
29536,DILLONCounty County
29601,GREENVILLECounty County
29620,ABBEVILLECounty County
29621,ANDERSONCounty County
29630,PICKENSCounty County
29643,OCONEECounty County
29646,GREENWOODCounty County
29810,ALLENDALECounty County
29812,BARNWELLCounty County
29821,MCCORMICKCounty County
29824,EDGEFIELDCounty County
29911,HAMPTONCounty County
29912,JASPERCounty County
30002,DEKALBCounty County
30003,GWINNETTCounty County
30006,COBBCounty County
30011,BARROWCounty County
30012,ROCKDALECounty County
30014,NEWTONCounty County
30018,WALTONCounty County
30103,BARTOWCounty County
30110,HARALSONCounty County
30122,DOUGLASCounty County
30132,PAULDINGCounty County
30139,GORDONCounty County
30204,LAMARCounty County
30212,SPALDINGCounty County
30216,BUTTSCounty County
30217,HEARDCounty County
30218,MERIWETHERCounty County
30220,COWETACounty County
30230,TROUPCounty County
30236,CLAYTONCounty County
30285,UPSONCounty County
30401,EMANUELCounty County
30411,WHEELERCounty County
30414,EVANSCounty County
30415,BULLOCHCounty County
30420,TATTNALLCounty County
30424,SCREVENCounty County
30436,TOOMBSCounty County
30439,CANDLERCounty County
30442,JENKINSCounty County
30457,TREUTLENCounty County
30501,HALLCounty County
30510,HABERSHAMCounty County
30511,BANKSCounty County
30513,FANNINCounty County
30516,HARTCounty County
30525,RABUNCounty County
30528,WHITECounty County
30533,LUMPKINCounty County
30534,DAWSONCounty County
30538,STEPHENSCounty County
30546,TOWNSCounty County
30619,OGLETHORPECounty County
30624,ELBERTCounty County
30631,TALIAFERROCounty County
30705,MURRAYCounty County
30707,WALKERCounty County
30710,WHITFIELDCounty County
30726,CATOOSACounty County
30730,CHATTOOGACounty County
30738,DADECounty County
30806,MCDUFFIECounty County
30810,GLASCOCKCounty County
31001,WILCOXCounty County
31003,WILKINSONCounty County
31005,HOUSTONCounty County
31007,DOOLYCounty County
31008,PEACHCounty County
31010,CRISPCounty County
31011,DODGECounty County
31014,BLECKLEYCounty County
31017,TWIGGSCounty County
31034,BALDWINCounty County
31037,TELFAIRCounty County
31049,JOHNSONCounty County
31201,BIBBCounty County
31301,LIBERTYCounty County
31303,EFFINGHAMCounty County
31304,MCINTOSHCounty County
31308,BRYANCounty County
31316,LONGCounty County
31501,WARECounty County
31510,BACONCounty County
31512,COFFEECounty County
31513,APPLINGCounty County
31516,PIERCECounty County
31520,GLYNNCounty County
31532,JEFF DAVISCounty County
31537,CHARLTONCounty County
31542,BRANTLEYCounty County
31562,DECATURCounty County
31601,LOWNDESCounty County
31620,COOKCounty County
31622,BERRIENCounty County
31623,CLINCHCounty County
31624,ATKINSONCounty County
31625,BROOKSCounty County
31626,THOMASCounty County
31635,LANIERCounty County
31648,ECHOLSCounty County
31701,DOUGHERTYCounty County
31714,TURNERCounty County
31722,COLQUITTCounty County
31723,EARLYCounty County
31726,TERRELLCounty County
31727,TIFTCounty County
31728,GRADYCounty County
31745,SEMINOLECounty County
31750,BEN HILLCounty County
31754,QUITMANCounty County
31760,IRWINCounty County
31770,BAKERCounty County
31772,WORTHCounty County
31804,HARRISCounty County
31805,CHATTAHOOCHEECounty County
31806,SCHLEYCounty County
31808,MUSCOGEECounty County
31814,STEWARTCounty County
32004,SAINT JOHNSCounty County
32008,SUWANNEECounty County
32013,LAFAYETTECounty County
32099,DUVALCounty County
32102,LAKECounty County
32105,VOLUSIACounty County
32110,FLAGLERCounty County
32301,LEONCounty County
32305,WAKULLACounty County
32324,GADSDENCounty County
32401,BAYCounty County
32425,HOLMESCounty County
32456,GULFCounty County
32501,ESCAMBIACounty County
32530,SANTA ROSACounty County
32531,OKALOOSACounty County
32601,ALACHUACounty County
32619,GILCHRISTCounty County
32621,LEVYCounty County
32628,DIXIECounty County
32754,BREVARDCounty County
32948,INDIAN RIVERCounty County
33002,MIAMI DADECounty County
33004,BROWARDCounty County
33401,PALM BEACHCounty County
33440,HENDRYCounty County
33471,GLADESCounty County
33523,PASCOCounty County
33701,PINELLASCounty County
33825,HIGHLANDSCounty County
33834,HARDEECounty County
33848,OSCEOLACounty County
34101,COLLIERCounty County
34201,MANATEECounty County
34223,SARASOTACounty County
34265,DE SOTOCounty County
34423,CITRUSCounty County
34601,HERNANDOCounty County
34945,SAINT LUCIECounty County
34972,OKEECHOBEECounty County
35004,SAINT CLAIRCounty County
35007,SHELBYCounty County
35010,TALLAPOOSACounty County
35013,BLOUNTCounty County
35014,TALLADEGACounty County
35019,CULLMANCounty County
35045,CHILTONCounty County
35072,COOSACounty County
35401,TUSCALOOSACounty County
35441,HALECounty County
35540,WINSTONCounty County
35610,LAUDERDALECounty County
35611,LIMESTONECounty County
35616,COLBERTCounty County
35901,ETOWAHCounty County
35961,DE KALBCounty County
36003,AUTAUGACounty County
36009,CRENSHAWCounty County
36020,ELMORECounty County
36029,BULLOCKCounty County
36038,COVINGTONCounty County
36261,CLEBURNECounty County
36311,DALECounty County
36313,GENEVACounty County
36401,CONECUHCounty County
36505,MOBILECounty County
36701,DALLASCounty County
36732,MARENGOCounty County
36852,CHAMBERSCounty County
36904,CHOCTAWCounty County
37010,ROBERTSONCounty County
37014,WILLIAMSONCounty County
37015,CHEATHAMCounty County
37016,CANNONCounty County
37022,SUMNERCounty County
37025,HICKMANCounty County
37029,DICKSONCounty County
37030,SMITHCounty County
37074,TROUSDALECounty County
37078,HUMPHREYSCounty County
37174,MAURYCounty County
37301,GRUNDYCounty County
37303,MCMINNCounty County
37310,BRADLEYCounty County
37321,RHEACounty County
37322,MEIGSCounty County
37327,SEQUATCHIECounty County
37367,BLEDSOECounty County
37642,HAWKINSCounty County
37643,CARTERCounty County
37650,UNICOICounty County
37707,CLAIBORNECounty County
37708,GRAINGERCounty County
37713,COCKECounty County
37738,SEVIERCounty County
37742,LOUDONCounty County
37778,HAMBLENCounty County
38001,CROCKETTCounty County
38004,TIPTONCounty County
38007,DYERCounty County
38008,HARDEMANCounty County
38221,BENTONCounty County
38225,WEAKLEYCounty County
38227,OBIONCounty County
38233,GIBSONCounty County
38310,MCNAIRYCounty County
38326,HARDINCounty County
38504,FENTRESSCounty County
38541,OVERTONCounty County
38549,PICKETTCounty County
38585,VAN BURENCounty County
38602,TATECounty County
38606,PANOLACounty County
38610,TIPPAHCounty County
38614,COAHOMACounty County
38626,TUNICACounty County
38720,BOLIVARCounty County
38721,SHARKEYCounty County
38736,SUNFLOWERCounty County
38745,ISSAQUENACounty County
38820,PONTOTOCCounty County
38827,TISHOMINGOCounty County
38829,PRENTISSCounty County
38834,ALCORNCounty County
38843,ITAWAMBACounty County
38850,CHICKASAWCounty County
38901,GRENADACounty County
38920,TALLAHATCHIECounty County
38922,YALOBUSHACounty County
38930,LEFLORECounty County
39039,YAZOOCounty County
39041,HINDSCounty County
39042,RANKINCounty County
39044,SIMPSONCounty County
39051,LEAKECounty County
39059,COPIAHCounty County
39067,ATTALACounty County
39328,KEMPERCounty County
39341,NOXUBEECounty County
39350,NESHOBACounty County
39401,FORRESTCounty County
39421,JEFFERSON DAVISCounty County
39426,PEARL RIVERCounty County
39452,GEORGECounty County
39561,STONECounty County
39633,AMITECounty County
39667,WALTHALLCounty County
39759,OKTIBBEHACounty County
39825,PHELPSCounty County
40006,TRIMBLECounty County
40010,OLDHAMCounty County
40046,SPENCERCounty County
40047,BULLITTCounty County
40104,MEADECounty County
40111,BRECKINRIDGECounty County
40312,POWELLCounty County
40316,MENIFEECounty County
40320,CLARKCounty County
40336,ESTILLCounty County
40339,JESSAMINECounty County
40347,WOODFORDCounty County
40348,BOURBONCounty County
40355,OWENCounty County
40409,ROCKCASTLECounty County
40410,GARRARDCounty County
40422,BOYLECounty County
40701,WHITLEYCounty County
40724,LAURELCounty County
40801,HARLANCounty County
40803,LESLIECounty County
40813,BELLCounty County
40826,LETCHERCounty County
41002,BRACKENCounty County
41011,KENTONCounty County
41037,FLEMINGCounty County
41046,GALLATINCounty County
41101,BOYDCounty County
41121,GREENUPCounty County
41149,ELLIOTTCounty County
41301,WOLFECounty County
41307,BREATHITTCounty County
41314,OWSLEYCounty County
41410,MAGOFFINCounty County
41725,KNOTTCounty County
42001,MCCRACKENCounty County
42020,CALLOWAYCounty County
42021,CARLISLECounty County
42022,BALLARDCounty County
42027,GRAVESCounty County
42033,CRITTENDENCounty County
42038,LYONCounty County
42120,ALLENCounty County
42123,BARRENCounty County
42124,METCALFECounty County
42163,EDMONSONCounty County
42203,TODDCounty County
42211,TRIGGCounty County
42217,CHRISTIANCounty County
42301,DAVIESSCounty County
42321,MUHLENBERGCounty County
42322,MCLEANCounty County
42408,HOPKINSCounty County
42516,CASEYCounty County
42631,MCCREARYCounty County
42715,ADAIRCounty County
42716,LARUECounty County
42743,GREENCounty County
43001,LICKINGCounty County
43009,CHAMPAIGNCounty County
43101,ROSSCounty County
43103,PICKAWAYCounty County
43111,HOCKINGCounty County
43315,MORROWCounty County
43316,WYANDOTCounty County
43407,SANDUSKYCounty County
43408,OTTAWACounty County
43434,LUCASCounty County
43501,WILLIAMSCounty County
43512,DEFIANCECounty County
43701,MUSKINGUMCounty County
43711,NOBLECounty County
43713,BELMONTCounty County
43722,GUERNSEYCounty County
43803,COSHOCTONCounty County
43804,TUSCARAWASCounty County
43920,COLUMBIANACounty County
44001,LORAINCounty County
44003,ASHTABULACounty County
44017,CUYAHOGACounty County
44021,GEAUGACounty County
44056,SUMMITCounty County
44201,PORTAGECounty County
44212,MEDINACounty County
44401,MAHONINGCounty County
44402,TRUMBULLCounty County
44601,STARKCounty County
44805,ASHLANDCounty County
44811,HURONCounty County
45070,PREBLECounty County
45101,BROWNCounty County
45102,CLERMONTCounty County
45303,DARKECounty County
45308,MIAMICounty County
45614,GALLIACounty County
45622,VINTONCounty County
45629,SCIOTOCounty County
45701,ATHENSCounty County
45806,AUGLAIZECounty County
45832,VAN WERTCounty County
46103,HENDRICKSCounty County
46104,RUSHCounty County
46301,PORTERCounty County
46340,LA PORTECounty County
46366,STARKECounty County
46502,KOSCIUSKOCounty County
46507,ELKHARTCounty County
46530,ST JOSEPHCounty County
46565,LAGRANGECounty County
46702,HUNTINGTONCounty County
46714,WELLSCounty County
46932,CASSCounty County
46940,WABASHCounty County
47001,DEARBORNCounty County
47006,RIPLEYCounty County
47011,SWITZERLANDCounty County
47201,BARTHOLOMEWCounty County
47223,JENNINGSCounty County
47326,JAYCounty County
47348,BLACKFORDCounty County
47513,DUBOISCounty County
47601,WARRICKCounty County
47612,POSEYCounty County
47618,VANDERBURGHCounty County
47801,VIGOCounty County
47830,PARKECounty County
47831,VERMILLIONCounty County
47901,TIPPECANOECounty County
47918,FOUNTAINCounty County
48003,LAPEERCounty County
48005,MACOMBCounty County
48007,OAKLANDCounty County
48103,WASHTENAWCounty County
48401,SANILACCounty County
48414,SHIAWASSEECounty County
48415,SAGINAWCounty County
48435,TUSCOLACounty County
48610,OGEMAWCounty County
48612,GLADWINCounty County
48615,GRATIOTCounty County
48617,CLARECounty County
48618,MIDLANDCounty County
48619,OSCODACounty County
48627,ROSCOMMONCounty County
48658,ARENACCounty County
48705,ALCONACounty County
48730,IOSCOCounty County
48804,ISABELLACounty County
48805,INGHAMCounty County
48809,IONIACounty County
48811,MONTCALMCounty County
48813,EATONCounty County
48897,BARRYCounty County
49001,KALAMAZOOCounty County
49010,ALLEGANCounty County
49028,BRANCHCounty County
49030,SAINT JOSEPHCounty County
49220,LENAWEECounty County
49227,HILLSDALECounty County
49303,MUSKEGONCounty County
49305,MECOSTACounty County
49309,NEWAYGOCounty County
49420,OCEANACounty County
49601,WEXFORDCounty County
49610,GRAND TRAVERSECounty County
49611,ANTRIMCounty County
49613,MANISTEECounty County
49616,BENZIECounty County
49621,LEELANAUCounty County
49632,MISSAUKEECounty County
49646,KALKASKACounty County
49701,CHEBOYGANCounty County
49706,EMMETCounty County
49707,ALPENACounty County
49709,MONTMORENCYCounty County
49710,CHIPPEWACounty County
49711,CHARLEVOIXCounty County
49719,MACKINACCounty County
49743,PRESQUE ISLECounty County
49801,DICKINSONCounty County
49805,KEWEENAWCounty County
49806,ALGERCounty County
49807,DELTACounty County
49808,MARQUETTECounty County
49812,MENOMINEECounty County
49817,SCHOOLCRAFTCounty County
49853,LUCECounty County
49902,IRONCounty County
49905,HOUGHTONCounty County
49908,BARAGACounty County
49910,ONTONAGONCounty County
49911,GOGEBICCounty County
50010,STORYCounty County
50025,AUDUBONCounty County
50026,GUTHRIECounty County
50027,MAHASKACounty County
50071,WRIGHTCounty County
50074,RINGGOLDCounty County
50104,KEOKUKCounty County
50112,POWESHIEKCounty County
50173,TAMACounty County
50401,CERRO GORDOCounty County
50424,WINNEBAGOCounty County
50451,KOSSUTHCounty County
50510,BUENA VISTACounty County
50515,PALO ALTOCounty County
50519,HUMBOLDTCounty County
50535,SACCounty County
50613,BLACK HAWKCounty County
50622,BREMERCounty County
51003,SIOUXCounty County
51004,WOODBURYCounty County
51006,IDACounty County
51009,OBRIENCounty County
51010,MONONACounty County
51501,POTTAWATTAMIECounty County
51533,MILLSCounty County
51639,FREMONTCounty County
52001,DUBUQUECounty County
52101,WINNESHIEKCounty County
52140,ALLAMAKEECounty County
52202,LINNCounty County
52203,IOWACounty County
52216,CEDARCounty County
52501,WAPELLOCounty County
52537,DAVISCounty County
52544,APPANOOSECounty County
52601,DES MOINESCounty County
52720,MUSCATINECounty County
53001,SHEBOYGANCounty County
53004,OZAUKEECounty County
53005,WAUKESHACounty County
53010,FOND DU LACCounty County
53014,CALUMETCounty County
53015,MANITOWOCCounty County
53101,KENOSHACounty County
53105,RACINECounty County
53110,MILWAUKEECounty County
53114,WALWORTHCounty County
53501,ROCKCounty County
53508,DANECounty County
53561,SAUKCounty County
53926,GREEN LAKECounty County
53929,JUNEAUCounty County
54002,SAINT CROIXCounty County
54101,OCONTOCounty County
54102,MARINETTECounty County
54106,OUTAGAMIECounty County
54107,SHAWANOCounty County
54201,KEWAUNEECounty County
54202,DOORCounty County
54401,MARATHONCounty County
54409,LANGLADECounty County
54459,PRICECounty County
54512,VILASCounty County
54526,RUSKCounty County
54601,LA CROSSECounty County
54610,BUFFALOCounty County
54612,TREMPEALEAUCounty County
54621,VERNONCounty County
54701,EAU CLAIRECounty County
54721,PEPINCounty County
54725,DUNNCounty County
54728,BARRONCounty County
54801,WASHBURNCounty County
54814,BAYFIELDCounty County
54828,SAWYERCounty County
54830,BURNETTCounty County
54926,WAUPACACounty County
54930,WAUSHARACounty County
55002,CHISAGOCounty County
55005,ANOKACounty County
55006,ISANTICounty County
55007,PINECounty County
55009,GOODHUECounty County
55010,DAKOTACounty County
55019,RICECounty County
55041,WABASHACounty County
55049,STEELECounty County
55051,KANABECCounty County
55101,RAMSEYCounty County
55111,HENNEPINCounty County
55307,SIBLEYCounty County
55308,SHERBURNECounty County
55310,RENVILLECounty County
55312,MCLEODCounty County
55315,CARVERCounty County
55324,MEEKERCounty County
55353,STEARNSCounty County
55371,MILLE LACSCounty County
55602,SAINT LOUISCounty County
55707,CARLTONCounty County
55709,ITASCACounty County
55748,AITKINCounty County
55901,OLMSTEDCounty County
55909,MOWERCounty County
55910,WINONACounty County
55922,FILLMORECounty County
56001,BLUE EARTHCounty County
56003,NICOLLETCounty County
56007,FREEBORNCounty County
56013,FARIBAULTCounty County
56017,LE SUEURCounty County
56022,WATONWANCounty County
56048,WASECACounty County
56083,REDWOODCounty County
56101,COTTONWOODCounty County
56110,NOBLESCounty County
56128,PIPESTONECounty County
56201,KANDIYOHICounty County
56207,STEVENSCounty County
56208,SWIFTCounty County
56210,BIG STONECounty County
56212,LAC QUI PARLECounty County
56219,TRAVERSECounty County
56220,YELLOW MEDICINECounty County
56314,MORRISONCounty County
56323,POPECounty County
56324,OTTER TAILCounty County
56401,CROW WINGCounty County
56433,HUBBARDCounty County
56434,WADENACounty County
56501,BECKERCounty County
56510,NORMANCounty County
56516,MAHNOMENCounty County
56520,WILKINCounty County
56601,BELTRAMICounty County
56621,CLEARWATERCounty County
56623,LAKE OF THE WOODSCounty County
56627,KOOCHICHINGCounty County
56673,ROSEAUCounty County
56701,PENNINGTONCounty County
56715,RED LAKECounty County
56720,KITTSONCounty County
57002,BROOKINGSCounty County
57003,MINNEHAHACounty County
57012,MCCOOKCounty County
57017,MOODYCounty County
57029,HUTCHINSONCounty County
57031,YANKTONCounty County
57051,KINGSBURYCounty County
57059,BON HOMMECounty County
57201,CODINGTONCounty County
57213,DEUELCounty County
57219,DAYCounty County
57221,HAMLINCounty County
57224,ROBERTSCounty County
57301,DAVISONCounty County
57311,HANSONCounty County
57312,JERAULDCounty County
57314,SANBORNCounty County
57317,GREGORYCounty County
57321,MINERCounty County
57324,BEADLECounty County
57325,BRULECounty County
57329,CHARLES MIXCounty County
57362,HANDCounty County
57365,LYMANCounty County
57368,AURORACounty County
57424,SPINKCounty County
57428,EDMUNDSCounty County
57435,FAULKCounty County
57437,MCPHERSONCounty County
57501,HUGHESCounty County
57520,SULLYCounty County
57526,TRIPPCounty County
57532,STANLEYCounty County
57551,BENNETTCounty County
57552,HAAKONCounty County
57560,MELLETTECounty County
57620,PERKINSCounty County
57621,CORSONCounty County
57622,ZIEBACHCounty County
57625,DEWEYCounty County
57650,HARDINGCounty County
57716,SHANNONCounty County
57717,BUTTECounty County
57722,CUSTERCounty County
57735,FALL RIVERCounty County
58009,TRAILLCounty County
58013,SARGENTCounty County
58027,RANSOMCounty County
58031,BARNESCounty County
58201,GRAND FORKSCounty County
58210,WALSHCounty County
58216,PEMBINACounty County
58239,CAVALIERCounty County
58310,ROLETTECounty County
58317,TOWNERCounty County
58318,BOTTINEAUCounty County
58320,BENSONCounty County
58356,EDDYCounty County
58401,STUTSMANCounty County
58415,LAMOURECounty County
58416,GRIGGSCounty County
58421,FOSTERCounty County
58428,KIDDERCounty County
58430,SHERIDANCounty County
58436,DICKEYCounty County
58477,BURLEIGHCounty County
58520,MORTONCounty County
58524,EMMONSCounty County
58530,OLIVERCounty County
58620,SLOPECounty County
58621,GOLDEN VALLEYCounty County
58623,BOWMANCounty County
58627,BILLINGSCounty County
58634,MCKENZIECounty County
58646,HETTINGERCounty County
58701,WARDCounty County
58710,MCHENRYCounty County
58730,DIVIDECounty County
58763,MOUNTRAILCounty County
59001,STILLWATERCounty County
59002,YELLOWSTONECounty County
59003,ROSEBUDCounty County
59010,TREASURECounty County
59011,SWEET GRASSCounty County
59016,BIG HORNCounty County
59018,PARKCounty County
59032,FERGUSCounty County
59036,WHEATLANDCounty County
59053,MEAGHERCounty County
59054,MUSSELSHELLCounty County
59058,GARFIELDCounty County
59062,POWDER RIVERCounty County
59084,PETROLEUMCounty County
59201,ROOSEVELTCounty County
59214,MCCONECounty County
59222,DANIELSCounty County
59223,VALLEYCounty County
59261,PHILLIPSCounty County
59313,FALLONCounty County
59326,PRAIRIECounty County
59353,WIBAUXCounty County
59401,CASCADECounty County
59410,LEWIS AND CLARKCounty County
59411,GLACIERCounty County
59416,PONDERACounty County
59419,TETONCounty County
59420,CHOUTEAUCounty County
59435,TOOLECounty County
59447,JUDITH BASINCounty County
59501,HILLCounty County
59523,BLAINECounty County
59641,BROADWATERCounty County
59701,SILVER BOWCounty County
59711,DEER LODGECounty County
59724,BEAVERHEADCounty County
59801,MISSOULACounty County
59827,RAVALLICounty County
59831,SANDERSCounty County
59832,GRANITECounty County
59901,FLATHEADCounty County
60101,DU PAGECounty County
60109,KANECounty County
60113,OGLECounty County
60401,WILLCounty County
60470,LA SALLECounty County
60512,KENDALLCounty County
60901,KANKAKEECounty County
60911,IROQUOISCounty County
60919,FORDCounty County
60932,VERMILIONCounty County
61001,JO DAVIESSCounty County
61013,STEPHENSONCounty County
61037,WHITESIDECounty County
61201,ROCK ISLANDCounty County
61312,BUREAUCounty County
61411,MCDONOUGHCounty County
61451,PEORIACounty County
61727,DEWITTCounty County
61813,PIATTCounty County
61912,COLESCounty County
61914,MOULTRIECounty County
61917,EDGARCounty County
62009,MACOUPINCounty County
62012,JERSEYCounty County
62019,BONDCounty County
62476,EDWARDSCounty County
62515,SANGAMONCounty County
62613,MENARDCounty County
62910,MASSACCounty County
62917,SALINECounty County
63036,SAINT FRANCOISCounty County
63091,GASCONADECounty County
63101,SAINT LOUIS CITYCounty County
63301,SAINT CHARLESCounty County
63345,AUDRAINCounty County
63388,CALLAWAYCounty County
63436,RALLSCounty County
63625,REYNOLDSCounty County
63627,SAINTE GENEVIEVECounty County
63662,BOLLINGERCounty County
63701,CAPE GIRARDEAUCounty County
63730,STODDARDCounty County
63820,MISSISSIPPICounty County
63821,DUNKLINCounty County
63826,PEMISCOTCounty County
63828,NEW MADRIDCounty County
64017,RAYCounty County
64018,PLATTECounty County
64402,GENTRYCounty County
64421,ANDREWCounty County
64423,NODAWAYCounty County
64437,HOLTCounty County
64446,ATCHISONCounty County
64660,CHARITONCounty County
64720,BATESCounty County
64748,BARTONCounty County
64831,MCDONALDCounty County
65001,OSAGECounty County
65013,MARIESCounty County
65017,MILLERCounty County
65018,MONITEAUCounty County
65023,COLECounty County
65068,COOPERCounty County
65301,PETTISCounty County
65433,TEXASCounty County
65440,DENTCounty County
65463,LACLEDECounty County
65548,HOWELLCounty County
65606,OREGONCounty County
65609,OZARKCounty County
65614,TANEYCounty County
65634,HICKORYCounty County
66007,LEAVENWORTHCounty County
66008,DONIPHANCounty County
66012,WYANDOTTECounty County
66401,WABAUNSEECounty County
66402,SHAWNEECounty County
66404,NEMAHACounty County
66407,POTTAWATOMIECounty County
66441,GEARYCounty County
66449,RILEYCounty County
66720,NEOSHOCounty County
66758,WOODSONCounty County
66839,COFFEYCounty County
66843,CHASECounty County
66901,CLOUDCounty County
66930,REPUBLICCounty County
66936,JEWELLCounty County
67001,SEDGWICKCounty County
67003,HARPERCounty County
67005,COWLEYCounty County
67020,HARVEYCounty County
67021,PRATTCounty County
67029,COMANCHECounty County
67035,KINGMANCounty County
67054,KIOWACounty County
67057,BARBERCounty County
67330,LABETTECounty County
67437,OSBORNECounty County
67439,ELLSWORTHCounty County
67501,RENOCounty County
67515,NESSCounty County
67523,PAWNEECounty County
67601,ELLISCounty County
67622,NORTONCounty County
67631,TREGOCounty County
67632,ROOKSCounty County
67730,RAWLINSCounty County
67731,CHEYENNECounty County
67733,SHERMANCounty County
67736,GOVECounty County
67758,WALLACECounty County
67835,GRAYCounty County
67838,KEARNYCounty County
67839,LANECounty County
67846,FINNEYCounty County
67849,HODGEMANCounty County
67855,STANTONCounty County
67859,SEWARDCounty County
67861,WICHITACounty County
67870,HASKELLCounty County
67879,GREELEYCounty County
68003,SAUNDERSCounty County
68004,CUMINGCounty County
68005,SARPYCounty County
68019,BURTCounty County
68039,THURSTONCounty County
68301,GAGECounty County
68303,THAYERCounty County
68324,OTOECounty County
68337,RICHARDSONCounty County
68623,NANCECounty County
68628,MERRICKCounty County
68629,COLFAXCounty County
68636,ANTELOPECounty County
68710,DIXONCounty County
68753,KEYA PAHACounty County
68879,LOUPCounty County
68922,FURNASCounty County
68924,KEARNEYCounty County
68937,GOSPERCounty County
68943,NUCKOLLSCounty County
69001,RED WILLOWCounty County
69021,DUNDYCounty County
69024,HITCHCOCKCounty County
69025,FRONTIERCounty County
69031,HAYESCounty County
69121,ARTHURCounty County
69125,MORRILLCounty County
69127,KEITHCounty County
69128,KIMBALLCounty County
69135,CHERRYCounty County
69147,GARDENCounty County
69152,HOOKERCounty County
69301,BOX BUTTECounty County
69337,DAWESCounty County
69341,SCOTTS BLUFFCounty County
69345,BANNERCounty County
70032,SAINT BERNARDCounty County
70037,PLAQUEMINESCounty County
70049,ST JOHN THE BAPTISTCounty County
70052,SAINT JAMESCounty County
70301,LAFOURCHECounty County
70339,ASSUMPTIONCounty County
70340,SAINT MARYCounty County
70343,TERREBONNECounty County
70346,ASCENSIONCounty County
70401,TANGIPAHOACounty County
70420,SAINT TAMMANYCounty County
70441,SAINT HELENACounty County
70512,SAINT LANDRYCounty County
70513,IBERIACounty County
70515,EVANGELINECounty County
70516,ACADIACounty County
70517,SAINT MARTINCounty County
70601,CALCASIEUCounty County
70634,BEAUREGARDCounty County
70704,EAST BATON ROUGECounty County
70710,WEST BATON ROUGECounty County
70712,WEST FELICIANACounty County
70715,POINTE COUPEECounty County
70716,IBERVILLECounty County
70722,EAST FELICIANACounty County
71001,BIENVILLECounty County
71002,NATCHITOCHESCounty County
71004,CADDOCounty County
71006,BOSSIERCounty County
71019,RED RIVERCounty County
71065,SABINECounty County
71201,OUACHITACounty County
71220,MOREHOUSECounty County
71237,WEST CARROLLCounty County
71254,EAST CARROLLCounty County
71301,RAPIDESCounty County
71316,CONCORDIACounty County
71320,AVOYELLESCounty County
71340,CATAHOULACounty County
71357,TENSASCounty County
71404,WINNCounty County
71630,DESHACounty County
71635,ASHLEYCounty County
71638,CHICOTCounty County
71650,DREWCounty County
71722,NEVADACounty County
71801,HEMPSTEADCounty County
71820,LITTLE RIVERCounty County
71901,GARLANDCounty County
71929,HOT SPRINGCounty County
72003,ARKANSASCounty County
72006,WOODRUFFCounty County
72007,LONOKECounty County
72027,CONWAYCounty County
72032,FAULKNERCounty County
72165,INDEPENDENCECounty County
72314,CROSSCounty County
72322,SAINT FRANCISCounty County
72354,POINSETTCounty County
72401,CRAIGHEADCounty County
72482,SHARPCounty County
72512,IZARDCounty County
72537,BAXTERCounty County
72636,SEARCYCounty County
72824,YELLCounty County
72901,SEBASTIANCounty County
73003,OKLAHOMACounty County
73010,MCCLAINCounty County
73014,CANADIANCounty County
73016,KINGFISHERCounty County
73021,WASHITACounty County
73052,GARVINCounty County
73301,TRAVISCounty County
73430,LOVECounty County
73530,TILLMANCounty County
73531,COTTONCounty County
73544,HARMONCounty County
73547,GREERCounty County
73627,BECKHAMCounty County
73628,ROGER MILLSCounty County
73716,ALFALFACounty County
73717,WOODSCounty County
73718,MAJORCounty County
73801,WOODWARDCounty County
73933,CIMARRONCounty County
74008,TULSACounty County
74010,CREEKCounty County
74014,WAGONERCounty County
74015,ROGERSCounty County
74023,PAYNECounty County
74027,NOWATACounty County
74330,MAYESCounty County
74401,MUSKOGEECounty County
74421,OKMULGEECounty County
74425,PITTSBURGCounty County
74435,SEQUOYAHCounty County
74521,PUSHMATAHACounty County
74525,ATOKACounty County
74534,COALCounty County
74545,LATIMERCounty County
74549,LE FLORECounty County
74601,KAYCounty County
74722,MCCURTAINCounty County
74829,OKFUSKEECounty County
75002,COLLINCounty County
75007,DENTONCounty County
75032,ROCKWALLCounty County
75102,NAVARROCounty County
75103,VAN ZANDTCounty County
75114,KAUFMANCounty County
75135,HUNTCounty County
75440,RAINSCounty County
75451,CAMPCounty County
75455,TITUSCounty County
75501,BOWIECounty County
75601,GREGGCounty County
75760,NACOGDOCHESCounty County
75834,TRINITYCounty County
75838,FREESTONECounty County
75901,ANGELINACounty County
75929,SAN AUGUSTINECounty County
76001,TARRANTCounty County
76008,PARKERCounty County
76035,HOODCounty County
76043,SOMERVELLCounty County
76067,PALO PINTOCounty County
76230,MONTAGUECounty County
76238,COOKECounty County
76351,ARCHERCounty County
76364,WILBARGERCounty County
76372,YOUNGCounty County
76380,BAYLORCounty County
76401,ERATHCounty County
76427,JACKCounty County
76430,SHACKELFORDCounty County
76435,EASTLANDCounty County
76443,CALLAHANCounty County
76483,THROCKMORTONCounty County
76518,MILAMCounty County
76522,CORYELLCounty County
76524,MCLENNANCounty County
76539,LAMPASASCounty County
76570,FALLSCounty County
76634,BOSQUECounty County
76821,RUNNELSCounty County
76825,MCCULLOCHCounty County
76828,COLEMANCounty County
76831,LLANOCounty County
76832,SAN SABACounty County
76837,CONCHOCounty County
76849,KIMBLECounty County
76886,TOM GREENCounty County
76930,IRIONCounty County
76932,REAGANCounty County
76933,COKECounty County
76936,SCHLEICHERCounty County
76950,SUTTONCounty County
76951,STERLINGCounty County
77331,SAN JACINTOCounty County
77363,GRIMESCounty County
77404,MATAGORDACounty County
77406,FORT BENDCounty County
77412,COLORADOCounty County
77418,AUSTINCounty County
77420,WHARTONCounty County
77422,BRAZORIACounty County
77423,WALLERCounty County
77510,GALVESTONCounty County
77801,BRAZOSCounty County
77836,BURLESONCounty County
77901,VICTORIACounty County
77950,REFUGIOCounty County
77954,DE WITTCounty County
77960,GOLIADCounty County
77964,LAVACACounty County
78002,BEXARCounty County
78003,BANDERACounty County
78005,FRIOCounty County
78007,MCMULLENCounty County
78008,ATASCOSACounty County
78010,KERRCounty County
78022,LIVE OAKCounty County
78040,WEBBCounty County
78067,ZAPATACounty County
78070,COMALCounty County
78102,BEECounty County
78108,GUADALUPECounty County
78111,KARNESCounty County
78122,GONZALESCounty County
78330,NUECESCounty County
78332,JIM WELLSCounty County
78335,SAN PATRICIOCounty County
78338,KENEDYCounty County
78358,ARANSASCounty County
78360,JIM HOGGCounty County
78363,KLEBERGCounty County
78501,HIDALGOCounty County
78536,STARRCounty County
78561,WILLACYCounty County
78602,BASTROPCounty County
78605,BURNETCounty County
78606,BLANCOCounty County
78610,HAYSCounty County
78618,GILLESPIECounty County
78801,UVALDECounty County
78827,DIMMITCounty County
78829,ZAVALACounty County
78832,KINNEYCounty County
78833,REALCounty County
78837,VAL VERDECounty County
78852,MAVERICKCounty County
79005,LIPSCOMBCounty County
79009,PARMERCounty County
79014,HEMPHILLCounty County
79015,RANDALLCounty County
79018,HARTLEYCounty County
79022,DALLAMCounty County
79025,DEAF SMITHCounty County
79027,CASTROCounty County
79031,LAMBCounty County
79033,OCHILTREECounty County
79039,CARSONCounty County
79040,HANSFORDCounty County
79042,SWISHERCounty County
79077,COLLINGSWORTHCounty County
79201,CHILDRESSCounty County
79220,DICKENSCounty County
79223,COTTLECounty County
79226,DONLEYCounty County
79227,FOARDCounty County
79232,KINGCounty County
79234,MOTLEYCounty County
79255,BRISCOECounty County
79313,HOCKLEYCounty County
79314,COCHRANCounty County
79316,TERRYCounty County
79320,BAILEYCounty County
79322,CROSBYCounty County
79323,YOAKUMCounty County
79329,LUBBOCKCounty County
79330,GARZACounty County
79342,GAINESCounty County
79351,LYNNCounty County
79502,STONEWALLCounty County
79506,NOLANCounty County
79516,SCURRYCounty County
79534,FISHERCounty County
79714,ANDREWSCounty County
79718,REEVESCounty County
79730,PECOSCounty County
79731,CRANECounty County
79738,BORDENCounty County
79739,GLASSCOCKCounty County
79741,ECTORCounty County
79745,WINKLERCounty County
79752,UPTONCounty County
79754,LOVINGCounty County
79821,EL PASOCounty County
79830,BREWSTERCounty County
79837,HUDSPETHCounty County
79843,PRESIDIOCounty County
79855,CULBERSONCounty County
80010,ARAPAHOECounty County
80020,BOULDERCounty County
80113,DENVERCounty County
80422,GILPINCounty County
80423,EAGLECounty County
80428,ROUTTCounty County
80436,CLEAR CREEKCounty County
80442,GRANDCounty County
80504,WELDCounty County
80511,LARIMERCounty County
80727,YUMACounty County
80805,KIT CARSONCounty County
80813,TELLERCounty County
80923,MOHAVECounty County
81001,PUEBLOCounty County
81020,LAS ANIMASCounty County
81029,BACACounty County
81030,OTEROCounty County
81033,CROWLEYCounty County
81038,BENTCounty County
81040,HUERFANOCounty County
81041,PROWERSCounty County
81101,ALAMOSACounty County
81120,CONEJOSCounty County
81121,ARCHULETACounty County
81122,LA PLATACounty County
81123,COSTILLACounty County
81125,SAGUACHECounty County
81132,RIO GRANDECounty County
81201,CHAFFEECounty County
81210,GUNNISONCounty County
81220,MONTROSECounty County
81235,HINSDALECounty County
81320,DOLORESCounty County
81321,MONTEZUMACounty County
81325,SAN MIGUELCounty County
81427,OURAYCounty County
81433,SAN JUANCounty County
81501,MESACounty County
81610,MOFFATCounty County
81611,PITKINCounty County
81641,RIO BLANCOCounty County
82001,LARAMIECounty County
82212,GOSHENCounty County
82222,NIOBRARACounty County
82224,CONVERSECounty County
82322,SWEETWATERCounty County
82401,WASHAKIECounty County
82427,HOT SPRINGSCounty County
82601,NATRONACounty County
82701,WESTONCounty County
82710,CROOKCounty County
82922,SUBLETTECounty County
82930,UINTACounty County
83201,BANNOCKCounty County
83203,BINGHAMCounty County
83211,POWERCounty County
83217,CARIBOUCounty County
83220,BEAR LAKECounty County
83229,LEMHICounty County
83301,TWIN FALLSCounty County
83311,CASSIACounty County
83314,GOODINGCounty County
83322,CAMASCounty County
83325,JEROMECounty County
83336,MINIDOKACounty County
83401,BONNEVILLECounty County
83501,NEZ PERCECounty County
83522,IDAHOCounty County
83535,LATAHCounty County
83602,BOISECounty County
83604,OWYHEECounty County
83605,CANYONCounty County
83616,ADACounty County
83617,GEMCounty County
83619,PAYETTECounty County
83801,KOOTENAICounty County
83802,SHOSHONECounty County
83804,BONNERCounty County
83805,BOUNDARYCounty County
83824,BENEWAHCounty County
84001,DUCHESNECounty County
84003,UTAHCounty County
84006,SALT LAKECounty County
84008,UINTAHCounty County
84022,TOOELECounty County
84023,DAGGETTCounty County
84028,RICHCounty County
84032,WASATCHCounty County
84067,WEBERCounty County
84301,BOX ELDERCounty County
84304,CACHECounty County
84513,EMERYCounty County
84621,SANPETECounty County
84624,MILLARDCounty County
84628,JUABCounty County
84723,PIUTECounty County
85001,MARICOPACounty County
85118,PINALCounty County
85135,GILACounty County
85321,PIMACounty County
85324,YAVAPAICounty County
85325,LA PAZCounty County
85533,GREENLEECounty County
85602,COCHISECounty County
85611,SANTA CRUZCounty County
85901,NAVAJOCounty County
85920,APACHECounty County
85931,COCONINOCounty County
87001,SANDOVALCounty County
87002,VALENCIACounty County
87005,CIBOLACounty County
87008,BERNALILLOCounty County
87009,TORRANCECounty County
87010,SANTA FECounty County
87011,SOCORROCounty County
87012,RIO ARRIBACounty County
87045,MCKINLEYCounty County
87512,TAOSCounty County
87544,LOS ALAMOSCounty County
87712,MORACounty County
87820,CATRONCounty County
87901,SIERRACounty County
87936,DONA ANACounty County
88029,LUNACounty County
88101,CURRYCounty County
88114,LEACounty County
88119,DE BACACounty County
88121,QUAYCounty County
88201,CHAVESCounty County
89003,NYECounty County
89010,ESMERALDACounty County
89301,WHITE PINECounty County
89310,LANDERCounty County
89316,EUREKACounty County
89402,WASHOECounty County
89406,CHURCHILLCounty County
89418,PERSHINGCounty County
89440,STOREYCounty County
89701,CARSON CITYCounty County
89801,ELKOCounty County
90001,LOS ANGELESCounty County
91319,VENTURACounty County
91701,SAN BERNARDINOCounty County
91752,RIVERSIDECounty County
91901,SAN DIEGOCounty County
92222,IMPERIALCounty County
92328,INYOCounty County
93013,SANTA BARBARACounty County
93201,TULARECounty County
93203,KERNCounty County
93210,FRESNOCounty County
93401,SAN LUIS OBISPOCounty County
93426,MONTEREYCounty County
93512,MONOCounty County
93601,MADERACounty County
93620,MERCEDCounty County
93623,MARIPOSACounty County
94002,SAN MATEOCounty County
94022,SANTA CLARACounty County
94101,SAN FRANCISCOCounty County
94203,SACRAMENTOCounty County
94501,ALAMEDACounty County
94503,NAPACounty County
94506,CONTRA COSTACounty County
94510,SOLANOCounty County
94901,MARINCounty County
94922,SONOMACounty County
95023,SAN BENITOCounty County
95201,SAN JOAQUINCounty County
95221,CALAVERASCounty County
95305,TUOLUMNECounty County
95307,STANISLAUSCounty County
95410,MENDOCINOCounty County
95531,DEL NORTECounty County
95568,SISKIYOUCounty County
95601,AMADORCounty County
95602,PLACERCounty County
95605,YOLOCounty County
95613,EL DORADOCounty County
95646,ALPINECounty County
95659,SUTTERCounty County
95692,YUBACounty County
95912,COLUSACounty County
95913,GLENNCounty County
95915,PLUMASCounty County
96001,SHASTACounty County
96006,MODOCCounty County
96009,LASSENCounty County
96021,TEHAMACounty County
96701,HONOLULUCounty County
96703,KAUAICounty County
96704,HAWAIICounty County
96708,MAUICounty County
97001,WASCOCounty County
97004,CLACKAMASCounty County
97010,MULTNOMAHCounty County
97014,HOOD RIVERCounty County
97101,YAMHILLCounty County
97102,CLATSOPCounty County
97107,TILLAMOOKCounty County
97425,KLAMATHCounty County
97497,JOSEPHINECounty County
97701,DESCHUTESCounty County
97710,HARNEYCounty County
97801,UMATILLACounty County
97812,GILLIAMCounty County
97828,WALLOWACounty County
97901,MALHEURCounty County
98012,SNOHOMISHCounty County
98061,KITSAPCounty County
98220,WHATCOMCounty County
98221,SKAGITCounty County
98236,ISLANDCounty County
98305,CLALLAMCounty County
98520,GRAYS HARBORCounty County
98527,PACIFICCounty County
98581,COWLITZCounty County
98602,KLICKITATCounty County
98610,SKAMANIACounty County
98612,WAHKIAKUMCounty County
98801,CHELANCounty County
98812,OKANOGANCounty County
98901,YAKIMACounty County
98922,KITTITASCounty County
99001,SPOKANECounty County
99017,WHITMANCounty County
99107,FERRYCounty County
99119,PEND OREILLECounty County
99323,WALLA WALLACounty County
99401,ASOTINCounty County
99501,ANCHORAGECounty County
99545,BETHELCounty County
99546,ALEUTIANS WESTCounty County
99548,LAKE AND PENINSULACounty County
99550,KODIAK ISLANDCounty County
99553,ALEUTIANS EASTCounty County
99554,WADE HAMPTONCounty County
99555,DILLINGHAMCounty County
99556,KENAI PENINSULACounty County
99558,YUKON KOYUKUKCounty County
99566,VALDEZ CORDOVACounty County
99629,MATANUSKA SUSITNACounty County
99633,BRISTOL BAYCounty County
99659,NOMECounty County
99689,YAKUTATCounty County
99701,FAIRBANKS NORTH STARCounty County
99704,DENALICounty County
99721,NORTH SLOPECounty County
99727,NORTHWEST ARCTICCounty County
99731,SOUTHEAST FAIRBANKSCounty County
99820,SKAGWAY HOONAH ANGOONCounty County
99827,HAINESCounty County
99830,WRANGELL PETERSBURGCounty County
99835,SITKACounty County
99901,KETCHIKAN GATEWAYCounty County
99903,PRINCE WALES KETCHIKANCounty County
